{
  "scheme": "E4",
  "kernel": "tension",
  "method": "NSGA-II",
  "objective_fields": [
    "layer1.boundary_gv_err",
    "layer_bl42.max_spectral_abscissa"
  ],
  "bounds": [
    [
      0.5,
      20.0
    ]
  ],
  "pop_size": 20,
  "n_gen": 20,
  "n_evals": 400,
  "seed": 1,
  "compute_time": 171.59976270399056,
  "ref_point": [
    1.0,
    1.568877009217014
  ],
  "hv_trace": [
    0.6044833371423778,
    0.8795468558771423,
    0.8932481036731131,
    0.8956825277286562,
    0.8957863007307862,
    0.8957863007307862,
    0.8957889450254722,
    0.8958080190467819,
    0.895808895416032,
    0.895809241759988,
    0.8958093122489705,
    0.8958093787997611,
    0.8958093787997611,
    0.8958093836589858,
    0.8958093843600776,
    0.8958093848893495,
    0.8958093850234556,
    0.8958093850261376,
    0.895809385028556,
    0.8958093850298102
  ],
  "front": [
    {
      "x": [
        0.5000000000020522
      ],
      "params": {
        "sigma": 0.5000000000020522
      },
      "objectives": [
        0.02212388232306073,
        0.6528004542870176
      ],
      "report": {
        "overall_verdict": "fail",
        "failed_layer": 3,
        "failed_reason": "BL42 max_spectral_abscissa=6.5280e-01 > BL42_TOL=1e-10",
        "layer1": {
          "interior_gv_err_x": 0.00013016508525931503,
          "interior_gv_err_y": 0.00013016508525931503,
          "boundary_gv_err": 0.02212388232306073,
          "cutoff_fraction": 0.6243152382645119
        },
        "layer2": {
          "is_stable": true
        },
        "layer3": {
          "max_stab_eig": -0.0006930106290565387
        },
        "layer_bl42": {
          "max_spectral_abscissa": 0.6528004542870176,
          "purely_imaginary": 0.0
        }
      }
    }
  ],
  "extras": {
    "n_sentinel_filtered": 0,
    "hv_n_nds": [
      2,
      1,
      1,
      1,
      1,
      1,
      1,
      1,
      1,
      1,
      1,
      1,
      1,
      1,
      1,
      1,
      1,
      1,
      1,
      1
    ]
  }
}
